{"cameraMode":{"drawMode":0,"name":"Shaded","section":"Shading Mode"},"sceneLighting":false,"audioPlay":false,"sceneViewState":{"showFog":true,"showMaterialUpdate":false,"showSkybox":false,"showFlares":true,"showImageEffects":true,"showParticleSystems":true},"in2DMode":false,"pivot":{"x":-2.500000238418579,"y":3.125000476837158,"z":-1.033564805984497},"rotation":{"x":-0.1778237521648407,"y":0.8130348920822144,"z":-0.3180248439311981,"w":-0.45440423488616946},"size":17.657451629638673,"orthographic":false}