{"cameraMode":{"drawMode":0,"name":"Shaded","section":"Shading Mode"},"sceneLighting":false,"audioPlay":false,"sceneViewState":{"showFog":true,"showMaterialUpdate":false,"showSkybox":false,"showFlares":true,"showImageEffects":true,"showParticleSystems":true},"in2DMode":false,"pivot":{"x":15.929924011230469,"y":2.9420547485351564,"z":-17.186016082763673},"rotation":{"x":0.4440470039844513,"y":-0.06441538035869599,"z":0.0320267528295517,"w":0.8931114673614502},"size":26.60596466064453,"orthographic":false}