{"cameraMode":{"drawMode":0,"name":"Shaded","section":"Shading Mode"},"sceneLighting":false,"audioPlay":false,"sceneViewState":{"showFog":true,"showMaterialUpdate":false,"showSkybox":false,"showFlares":true,"showImageEffects":true,"showParticleSystems":true},"in2DMode":false,"pivot":{"x":0.6316074132919312,"y":0.3473851680755615,"z":1.257857084274292},"rotation":{"x":-0.2556374669075012,"y":0.11630753427743912,"z":-0.03092966601252556,"w":-0.9594038724899292},"size":5.428386211395264,"orthographic":false}