{"cameraMode":{"drawMode":0,"name":"Shaded","section":"Shading Mode"},"sceneLighting":false,"audioPlay":false,"sceneViewState":{"showFog":true,"showMaterialUpdate":false,"showSkybox":false,"showFlares":true,"showImageEffects":true,"showParticleSystems":true},"in2DMode":false,"pivot":{"x":10.0600004196167,"y":10.169252395629883,"z":8.766571044921875},"rotation":{"x":0.5890576839447022,"y":-0.04237418994307518,"z":0.030954010784626008,"w":0.8063862323760986},"size":13.264179229736329,"orthographic":false}