{"cameraMode":{"drawMode":0,"name":"Shaded","section":"Shading Mode"},"sceneLighting":false,"audioPlay":false,"sceneViewState":{"showFog":true,"showMaterialUpdate":false,"showSkybox":false,"showFlares":true,"showImageEffects":true,"showParticleSystems":true},"in2DMode":false,"pivot":{"x":5.247028350830078,"y":-0.9554233551025391,"z":-4.805591583251953},"rotation":{"x":0.4440470039844513,"y":-0.06441538035869599,"z":0.0320267528295517,"w":0.8931114673614502},"size":28.989545822143556,"orthographic":false}