{"cameraMode":{"drawMode":0,"name":"Shaded","section":"Shading Mode"},"sceneLighting":false,"audioPlay":false,"sceneViewState":{"showFog":true,"showMaterialUpdate":false,"showSkybox":false,"showFlares":true,"showImageEffects":true,"showParticleSystems":true},"in2DMode":false,"pivot":{"x":22.379966735839845,"y":6.933250427246094,"z":-17.022371292114259},"rotation":{"x":0.4440470039844513,"y":-0.06441538035869599,"z":0.0320267528295517,"w":0.8931114673614502},"size":30.3129940032959,"orthographic":false}