{"cameraMode":{"drawMode":0,"name":"Shaded","section":"Shading Mode"},"sceneLighting":false,"audioPlay":false,"sceneViewState":{"showFog":true,"showMaterialUpdate":false,"showSkybox":false,"showFlares":true,"showImageEffects":true,"showParticleSystems":true},"in2DMode":false,"pivot":{"x":7.915163040161133,"y":9.773496627807618,"z":-13.06513786315918},"rotation":{"x":0.4440470039844513,"y":-0.06441538035869599,"z":0.0320267528295517,"w":0.8931114673614502},"size":28.948909759521486,"orthographic":false}