{"cameraMode":{"drawMode":0,"name":"Shaded","section":"Shading Mode"},"sceneLighting":false,"audioPlay":false,"sceneViewState":{"showFog":true,"showMaterialUpdate":false,"showSkybox":false,"showFlares":true,"showImageEffects":true,"showParticleSystems":true},"in2DMode":false,"pivot":{"x":8.48510456085205,"y":4.610151290893555,"z":-3.2995758056640627},"rotation":{"x":0.3998532295227051,"y":-0.29117003083229067,"z":0.13562116026878358,"w":0.8584607839584351},"size":37.31754684448242,"orthographic":false}