{"cameraMode":{"drawMode":0,"name":"Shaded","section":"Shading Mode"},"sceneLighting":false,"audioPlay":false,"sceneViewState":{"showFog":true,"showMaterialUpdate":false,"showSkybox":false,"showFlares":true,"showImageEffects":true,"showParticleSystems":true},"in2DMode":false,"pivot":{"x":-1.6395015716552735,"y":-8.567804336547852,"z":7.807924270629883},"rotation":{"x":0.3998532295227051,"y":-0.29117003083229067,"z":0.13562116026878358,"w":0.8584607839584351},"size":48.29080581665039,"orthographic":false}