{"cameraMode":{"drawMode":0,"name":"Shaded","section":"Shading Mode"},"sceneLighting":true,"audioPlay":false,"sceneViewState":{"showFog":true,"showMaterialUpdate":false,"showSkybox":true,"showFlares":true,"showImageEffects":true,"showParticleSystems":true},"in2DMode":false,"pivot":{"x":5.40703821182251,"y":-3.0091171264648439,"z":7.091602325439453},"rotation":{"x":0.379659503698349,"y":0.20417532324790955,"z":-0.08626697212457657,"w":0.8982141017913818},"size":18.295867919921876,"orthographic":false}